Francia,Globo
Gran Bretaña,Barco
Tartaria,Cañon
Mongolia,Barco
Zaire,Barco
Polonia,Cañon
Oregon,Cañon
Etiopia,Globo
Chile,Globo
Australia,Cañon
Kamtchatka,Globo
Egipto,Globo
Turquia,Barco
Nueva York,Barco
Terranova,Cañon
Iran,Globo
Madagascar,Barco
Argentina,Comodin
Israel,Barco
Rusia,Globo
Borneo,Barco
California,Cañon
Taymir,Comodin
Aral,Cañon
Siberia,Barco
Canada,Cañon
Sahara,Cañon
Yukon,Globo
Uruguay,Globo
Groenlandia,Globo
Japon,Cañon
Sumatra,Globo
Alaska,Barco
Brasil,Barco
Gobi,Globo
Italia,Globo
España,Globo
Colombia,Globo
Suecia,Barco
Sudafrica,Cañon
Arabia,Cañon
India,Globo
Java,Cañon
Mexico,Cañon
Peru,Barco
Alemania,Barco
China,Barco
Labrador,Cañon
Islandia,Barco
Malasia,Cañon